Timestamp,Longitude,sat_name,sat_operator,long_string,x_coord,y_coord,include
6/25/2015,-17.78932778,Intelsat 7,Intelsat (U.S.),17.8°W,-0.812,-0.181,TRUE
6/26/2015,-17.78932778,Intelsat 7,Intelsat (U.S.),17.8°W,-0.812,-0.181,TRUE
6/27/2015,-17.78932778,Intelsat 7,Intelsat (U.S.),17.8°W,-0.812,-0.181,TRUE
6/28/2015,-17.78932778,Intelsat 7,Intelsat (U.S.),17.8°W,-0.812,-0.181,TRUE
6/29/2015,-17.78932778,Intelsat 7,Intelsat (U.S.),17.8°W,-0.812,-0.181,TRUE
6/30/2015,-17.78932778,Intelsat 7,Intelsat (U.S.),17.8°W,-0.812,-0.181,TRUE
7/1/2015,-17.78932778,Intelsat 7,Intelsat (U.S.),17.8°W,-0.812,-0.181,TRUE
7/2/2015,-17.78932778,Intelsat 7,Intelsat (U.S.),17.8°W,-0.812,-0.181,TRUE
7/3/2015,-17.78932778,Intelsat 7,Intelsat (U.S.),17.8°W,-0.812,-0.181,TRUE
7/4/2015,-17.78932778,Intelsat 7,Intelsat (U.S.),17.8°W,-0.812,-0.181,TRUE
7/5/2015,-17.78932778,Intelsat 7,Intelsat (U.S.),17.8°W,-0.812,-0.181,TRUE
7/6/2015,-17.78932778,Intelsat 7,Intelsat (U.S.),17.8°W,-0.812,-0.181,TRUE
7/7/2015,-17.78932778,Intelsat 7,Intelsat (U.S.),17.8°W,-0.812,-0.181,TRUE
7/8/2015,-17.78932778,Intelsat 7,Intelsat (U.S.),17.8°W,-0.812,-0.181,TRUE
7/9/2015,-17.78932778,Intelsat 7,Intelsat (U.S.),17.8°W,-0.812,-0.181,TRUE
7/10/2015,-17.78932778,Intelsat 7,Intelsat (U.S.),17.8°W,-0.812,-0.181,TRUE
7/11/2015,-17.78932778,Intelsat 7,Intelsat (U.S.),17.8°W,-0.812,-0.181,TRUE
7/12/2015,-17.78932778,Intelsat 7,Intelsat (U.S.),17.8°W,-0.812,-0.181,TRUE
7/13/2015,-17.78932778,Intelsat 7,Intelsat (U.S.),17.8°W,-0.812,-0.181,TRUE
7/14/2015,-17.78932778,Intelsat 7,Intelsat (U.S.),17.8°W,-0.812,-0.181,TRUE
7/15/2015,-17.78932778,Intelsat 7,Intelsat (U.S.),17.8°W,-0.812,-0.181,TRUE
7/16/2015,-17.78932778,Intelsat 7,Intelsat (U.S.),17.8°W,-0.812,-0.181,TRUE
7/17/2015,-17.78932778,Intelsat 7,Intelsat (U.S.),17.8°W,-0.812,-0.181,TRUE
7/18/2015,-17.78932778,Intelsat 7,Intelsat (U.S.),17.8°W,-0.812,-0.181,TRUE
7/19/2015,-17.78932778,Intelsat 7,Intelsat (U.S.),17.8°W,-0.812,-0.181,TRUE
7/20/2015,-17.78932778,Intelsat 7,Intelsat (U.S.),17.8°W,-0.812,-0.181,TRUE
7/21/2015,-17.78932778,Intelsat 7,Intelsat (U.S.),17.8°W,-0.812,-0.181,TRUE
7/22/2015,-17.78932778,Intelsat 7,Intelsat (U.S.),17.8°W,-0.812,-0.181,TRUE
7/23/2015,-17.78932778,Intelsat 7,Intelsat (U.S.),17.8°W,-0.812,-0.181,TRUE
7/24/2015,-17.78932778,Intelsat 7,Intelsat (U.S.),17.8°W,-0.812,-0.181,TRUE
7/25/2015,-17.78932778,Intelsat 7,Intelsat (U.S.),17.8°W,-0.812,-0.181,TRUE
7/26/2015,-17.78932778,Intelsat 7,Intelsat (U.S.),17.8°W,-0.812,-0.181,TRUE
7/27/2015,-17.78932778,Intelsat 7,Intelsat (U.S.),17.8°W,-0.812,-0.181,TRUE
7/28/2015,-17.78932778,Intelsat 7,Intelsat (U.S.),17.8°W,-0.812,-0.181,TRUE
7/29/2015,-17.78932778,Intelsat 7,Intelsat (U.S.),17.8°W,-0.812,-0.181,TRUE
7/30/2015,-17.78932778,Intelsat 7,Intelsat (U.S.),17.8°W,-0.812,-0.181,TRUE
7/31/2015,-17.78932778,Intelsat 7,Intelsat (U.S.),17.8°W,-0.812,-0.181,TRUE
8/1/2015,-17.78932778,Intelsat 7,Intelsat (U.S.),17.8°W,-0.812,-0.181,TRUE
8/2/2015,-17.78932778,Intelsat 7,Intelsat (U.S.),17.8°W,-0.812,-0.181,TRUE
8/3/2015,-17.78932778,Intelsat 7,Intelsat (U.S.),17.8°W,-0.812,-0.181,TRUE
8/4/2015,-17.78932778,Intelsat 7,Intelsat (U.S.),17.8°W,-0.812,-0.181,TRUE
8/5/2015,-17.78932778,Intelsat 7,Intelsat (U.S.),17.8°W,-0.812,-0.181,TRUE
8/6/2015,-17.78932778,Intelsat 7,Intelsat (U.S.),17.8°W,-0.812,-0.181,TRUE
8/7/2015,-17.78932778,Intelsat 7,Intelsat (U.S.),17.8°W,-0.812,-0.181,TRUE
8/8/2015,-17.78932778,Intelsat 7,Intelsat (U.S.),17.8°W,-0.812,-0.181,TRUE
8/9/2015,-17.78932778,Intelsat 7,Intelsat (U.S.),17.8°W,-0.812,-0.181,TRUE
8/10/2015,-17.78932778,Intelsat 7,Intelsat (U.S.),17.8°W,-0.812,-0.181,TRUE
8/11/2015,-17.78932778,Intelsat 7,Intelsat (U.S.),17.8°W,-0.812,-0.181,TRUE
8/12/2015,-17.78932778,Intelsat 7,Intelsat (U.S.),17.8°W,-0.812,-0.181,TRUE
8/13/2015,-17.78932778,Intelsat 7,Intelsat (U.S.),17.8°W,-0.812,-0.181,TRUE
8/14/2015,-17.78932778,Intelsat 7,Intelsat (U.S.),17.8°W,-0.812,-0.181,TRUE
8/15/2015,-17.78932778,Intelsat 7,Intelsat (U.S.),17.8°W,-0.812,-0.181,TRUE
8/16/2015,-17.78932778,Intelsat 7,Intelsat (U.S.),17.8°W,-0.812,-0.181,TRUE
8/17/2015,-17.78932778,Intelsat 7,Intelsat (U.S.),17.8°W,-0.812,-0.181,TRUE
8/18/2015,-17.78932778,Intelsat 7,Intelsat (U.S.),17.8°W,-0.812,-0.181,TRUE
8/19/2015,-17.78932778,Intelsat 7,Intelsat (U.S.),17.8°W,-0.812,-0.181,TRUE
8/20/2015,-17.78932778,Intelsat 7,Intelsat (U.S.),17.8°W,-0.812,-0.181,TRUE
8/21/2015,-17.78932778,Intelsat 7,Intelsat (U.S.),17.8°W,-0.812,-0.181,TRUE
8/22/2015,-17.78932778,Intelsat 7,Intelsat (U.S.),17.8°W,-0.812,-0.181,TRUE
8/23/2015,-17.78932778,Intelsat 7,Intelsat (U.S.),17.8°W,-0.812,-0.181,TRUE
8/24/2015,-17.78932778,Intelsat 7,Intelsat (U.S.),17.8°W,-0.812,-0.181,TRUE
8/25/2015,-17.78932778,Intelsat 7,Intelsat (U.S.),17.8°W,-0.812,-0.181,TRUE
8/26/2015,-17.78932778,Intelsat 7,Intelsat (U.S.),17.8°W,-0.812,-0.181,TRUE
8/27/2015,-17.78932778,Intelsat 7,Intelsat (U.S.),17.8°W,-0.812,-0.181,TRUE
8/28/2015,-17.78932778,Intelsat 7,Intelsat (U.S.),17.8°W,-0.812,-0.181,TRUE
8/29/2015,-17.78932778,Intelsat 7,Intelsat (U.S.),17.8°W,-0.812,-0.181,TRUE
8/30/2015,-17.78932778,Intelsat 7,Intelsat (U.S.),17.8°W,-0.812,-0.181,TRUE
8/31/2015,-17.78932778,Intelsat 7,Intelsat (U.S.),17.8°W,-0.812,-0.181,TRUE
9/1/2015,-17.78932778,Intelsat 7,Intelsat (U.S.),17.8°W,-0.812,-0.181,TRUE
9/2/2015,-17.78932778,Intelsat 7,Intelsat (U.S.),17.8°W,-0.812,-0.181,TRUE
9/3/2015,-17.78932778,Intelsat 7,Intelsat (U.S.),17.8°W,-0.812,-0.181,TRUE
9/4/2015,-17.78932778,Intelsat 7,Intelsat (U.S.),17.8°W,-0.812,-0.181,TRUE
9/5/2015,-17.78932778,Intelsat 7,Intelsat (U.S.),17.8°W,-0.812,-0.181,TRUE
9/6/2015,-17.78932778,Intelsat 7,Intelsat (U.S.),17.8°W,-0.812,-0.181,TRUE
9/7/2015,-17.78932778,Intelsat 7,Intelsat (U.S.),17.8°W,-0.812,-0.181,TRUE
9/8/2015,-17.78932778,Intelsat 7,Intelsat (U.S.),17.8°W,-0.812,-0.181,TRUE
9/9/2015,-17.78932778,Intelsat 7,Intelsat (U.S.),17.8°W,-0.812,-0.181,TRUE
9/10/2015,-17.78932778,Intelsat 7,Intelsat (U.S.),17.8°W,-0.812,-0.181,TRUE
9/11/2015,-17.78932778,Intelsat 7,Intelsat (U.S.),17.8°W,-0.812,-0.181,TRUE
9/12/2015,-17.78932778,Intelsat 7,Intelsat (U.S.),17.8°W,-0.812,-0.181,TRUE
9/13/2015,-17.78932778,Intelsat 7,Intelsat (U.S.),17.8°W,-0.812,-0.181,TRUE
9/14/2015,-17.78932778,Intelsat 7,Intelsat (U.S.),17.8°W,-0.812,-0.181,TRUE
9/15/2015,-17.78932778,Intelsat 7,Intelsat (U.S.),17.8°W,-0.812,-0.181,TRUE
9/16/2015,-17.78932778,Intelsat 7,Intelsat (U.S.),17.8°W,-0.812,-0.181,TRUE
9/17/2015,-17.78932778,Intelsat 7,Intelsat (U.S.),17.8°W,-0.812,-0.181,TRUE
9/18/2015,-17.78932778,Intelsat 7,Intelsat (U.S.),17.8°W,-0.812,-0.181,TRUE
9/19/2015,-17.78932778,Intelsat 7,Intelsat (U.S.),17.8°W,-0.812,-0.181,TRUE
9/20/2015,-17.78932778,Intelsat 7,Intelsat (U.S.),17.8°W,-0.812,-0.181,TRUE
9/21/2015,-17.78932778,Intelsat 7,Intelsat (U.S.),17.8°W,-0.812,-0.181,TRUE
9/22/2015,-17.78932778,Intelsat 7,Intelsat (U.S.),17.8°W,-0.812,-0.181,TRUE
9/23/2015,-17.78932778,Intelsat 7,Intelsat (U.S.),17.8°W,-0.812,-0.181,TRUE
9/24/2015,-17.78932778,Intelsat 7,Intelsat (U.S.),17.8°W,-0.812,-0.181,TRUE
6/25/2015,-17.97083333,Intelsat 901,Intelsat (U.S.),18°W,-0.813,-0.180,TRUE
6/26/2015,-17.97083333,Intelsat 901,Intelsat (U.S.),18°W,-0.813,-0.180,TRUE
6/27/2015,-17.97083333,Intelsat 901,Intelsat (U.S.),18°W,-0.813,-0.180,TRUE
6/28/2015,-17.97083333,Intelsat 901,Intelsat (U.S.),18°W,-0.813,-0.180,TRUE
6/29/2015,-17.97083333,Intelsat 901,Intelsat (U.S.),18°W,-0.813,-0.180,TRUE
6/30/2015,-17.97083333,Intelsat 901,Intelsat (U.S.),18°W,-0.813,-0.180,TRUE
7/1/2015,-17.97083333,Intelsat 901,Intelsat (U.S.),18°W,-0.813,-0.180,TRUE
7/2/2015,-17.97083333,Intelsat 901,Intelsat (U.S.),18°W,-0.813,-0.180,TRUE
7/3/2015,-17.97083333,Intelsat 901,Intelsat (U.S.),18°W,-0.813,-0.180,TRUE
7/4/2015,-17.97083333,Intelsat 901,Intelsat (U.S.),18°W,-0.813,-0.180,TRUE
7/5/2015,-17.97083333,Intelsat 901,Intelsat (U.S.),18°W,-0.813,-0.180,TRUE
7/6/2015,-17.97083333,Intelsat 901,Intelsat (U.S.),18°W,-0.813,-0.180,TRUE
7/7/2015,-17.97083333,Intelsat 901,Intelsat (U.S.),18°W,-0.813,-0.180,TRUE
7/8/2015,-17.97083333,Intelsat 901,Intelsat (U.S.),18°W,-0.813,-0.180,TRUE
7/9/2015,-17.97083333,Intelsat 901,Intelsat (U.S.),18°W,-0.813,-0.180,TRUE
7/10/2015,-17.97083333,Intelsat 901,Intelsat (U.S.),18°W,-0.813,-0.180,TRUE
7/11/2015,-17.97083333,Intelsat 901,Intelsat (U.S.),18°W,-0.813,-0.180,TRUE
7/12/2015,-17.97083333,Intelsat 901,Intelsat (U.S.),18°W,-0.813,-0.180,TRUE
7/13/2015,-17.97083333,Intelsat 901,Intelsat (U.S.),18°W,-0.813,-0.180,TRUE
7/14/2015,-17.97083333,Intelsat 901,Intelsat (U.S.),18°W,-0.813,-0.180,TRUE
7/15/2015,-17.97083333,Intelsat 901,Intelsat (U.S.),18°W,-0.813,-0.180,TRUE
7/16/2015,-17.97083333,Intelsat 901,Intelsat (U.S.),18°W,-0.813,-0.180,TRUE
7/17/2015,-17.97083333,Intelsat 901,Intelsat (U.S.),18°W,-0.813,-0.180,TRUE
7/18/2015,-17.97083333,Intelsat 901,Intelsat (U.S.),18°W,-0.813,-0.180,TRUE
7/19/2015,-17.97083333,Intelsat 901,Intelsat (U.S.),18°W,-0.813,-0.180,TRUE
7/20/2015,-17.97083333,Intelsat 901,Intelsat (U.S.),18°W,-0.813,-0.180,TRUE
7/21/2015,-17.97083333,Intelsat 901,Intelsat (U.S.),18°W,-0.813,-0.180,TRUE
7/22/2015,-17.97083333,Intelsat 901,Intelsat (U.S.),18°W,-0.813,-0.180,TRUE
7/23/2015,-17.97083333,Intelsat 901,Intelsat (U.S.),18°W,-0.813,-0.180,TRUE
7/24/2015,-17.97083333,Intelsat 901,Intelsat (U.S.),18°W,-0.813,-0.180,TRUE
7/25/2015,-17.97083333,Intelsat 901,Intelsat (U.S.),18°W,-0.813,-0.180,TRUE
7/26/2015,-17.97083333,Intelsat 901,Intelsat (U.S.),18°W,-0.813,-0.180,TRUE
7/27/2015,-17.97083333,Intelsat 901,Intelsat (U.S.),18°W,-0.813,-0.180,TRUE
7/28/2015,-17.97083333,Intelsat 901,Intelsat (U.S.),18°W,-0.813,-0.180,TRUE
7/29/2015,-17.97083333,Intelsat 901,Intelsat (U.S.),18°W,-0.813,-0.180,TRUE
7/30/2015,-17.97083333,Intelsat 901,Intelsat (U.S.),18°W,-0.813,-0.180,TRUE
7/31/2015,-17.97083333,Intelsat 901,Intelsat (U.S.),18°W,-0.813,-0.180,TRUE
8/1/2015,-17.97083333,Intelsat 901,Intelsat (U.S.),18°W,-0.813,-0.180,TRUE
8/2/2015,-17.97083333,Intelsat 901,Intelsat (U.S.),18°W,-0.813,-0.180,TRUE
8/3/2015,-17.97083333,Intelsat 901,Intelsat (U.S.),18°W,-0.813,-0.180,TRUE
8/4/2015,-17.97083333,Intelsat 901,Intelsat (U.S.),18°W,-0.813,-0.180,TRUE
8/5/2015,-17.97083333,Intelsat 901,Intelsat (U.S.),18°W,-0.813,-0.180,TRUE
8/6/2015,-17.97083333,Intelsat 901,Intelsat (U.S.),18°W,-0.813,-0.180,TRUE
8/7/2015,-17.97083333,Intelsat 901,Intelsat (U.S.),18°W,-0.813,-0.180,TRUE
8/8/2015,-17.97083333,Intelsat 901,Intelsat (U.S.),18°W,-0.813,-0.180,TRUE
8/9/2015,-17.97083333,Intelsat 901,Intelsat (U.S.),18°W,-0.813,-0.180,TRUE
8/10/2015,-17.97083333,Intelsat 901,Intelsat (U.S.),18°W,-0.813,-0.180,TRUE
8/11/2015,-17.97083333,Intelsat 901,Intelsat (U.S.),18°W,-0.813,-0.180,TRUE
8/12/2015,-17.97083333,Intelsat 901,Intelsat (U.S.),18°W,-0.813,-0.180,TRUE
8/13/2015,-17.97083333,Intelsat 901,Intelsat (U.S.),18°W,-0.813,-0.180,TRUE
8/14/2015,-17.97083333,Intelsat 901,Intelsat (U.S.),18°W,-0.813,-0.180,TRUE
8/15/2015,-17.97083333,Intelsat 901,Intelsat (U.S.),18°W,-0.813,-0.180,TRUE
8/16/2015,-17.97083333,Intelsat 901,Intelsat (U.S.),18°W,-0.813,-0.180,TRUE
8/17/2015,-17.97083333,Intelsat 901,Intelsat (U.S.),18°W,-0.813,-0.180,TRUE
8/18/2015,-17.97083333,Intelsat 901,Intelsat (U.S.),18°W,-0.813,-0.180,TRUE
8/19/2015,-17.97083333,Intelsat 901,Intelsat (U.S.),18°W,-0.813,-0.180,TRUE
8/20/2015,-17.97083333,Intelsat 901,Intelsat (U.S.),18°W,-0.813,-0.180,TRUE
8/21/2015,-17.97083333,Intelsat 901,Intelsat (U.S.),18°W,-0.813,-0.180,TRUE
8/22/2015,-17.97083333,Intelsat 901,Intelsat (U.S.),18°W,-0.813,-0.180,TRUE
8/23/2015,-17.97083333,Intelsat 901,Intelsat (U.S.),18°W,-0.813,-0.180,TRUE
8/24/2015,-17.97083333,Intelsat 901,Intelsat (U.S.),18°W,-0.813,-0.180,TRUE
8/25/2015,-17.97083333,Intelsat 901,Intelsat (U.S.),18°W,-0.813,-0.180,TRUE
8/26/2015,-17.97083333,Intelsat 901,Intelsat (U.S.),18°W,-0.813,-0.180,TRUE
8/27/2015,-17.97083333,Intelsat 901,Intelsat (U.S.),18°W,-0.813,-0.180,TRUE
8/28/2015,-17.97083333,Intelsat 901,Intelsat (U.S.),18°W,-0.813,-0.180,TRUE
8/29/2015,-17.97083333,Intelsat 901,Intelsat (U.S.),18°W,-0.813,-0.180,TRUE
8/30/2015,-17.97083333,Intelsat 901,Intelsat (U.S.),18°W,-0.813,-0.180,TRUE
8/31/2015,-17.97083333,Intelsat 901,Intelsat (U.S.),18°W,-0.813,-0.180,TRUE
9/1/2015,-17.97083333,Intelsat 901,Intelsat (U.S.),18°W,-0.813,-0.180,TRUE
9/2/2015,-17.97083333,Intelsat 901,Intelsat (U.S.),18°W,-0.813,-0.180,TRUE
9/3/2015,-17.97083333,Intelsat 901,Intelsat (U.S.),18°W,-0.813,-0.180,TRUE
9/4/2015,-17.97083333,Intelsat 901,Intelsat (U.S.),18°W,-0.813,-0.180,TRUE
9/5/2015,-17.97083333,Intelsat 901,Intelsat (U.S.),18°W,-0.813,-0.180,TRUE
9/6/2015,-17.97083333,Intelsat 901,Intelsat (U.S.),18°W,-0.813,-0.180,TRUE
9/7/2015,-17.97083333,Intelsat 901,Intelsat (U.S.),18°W,-0.813,-0.180,TRUE
9/8/2015,-17.97083333,Intelsat 901,Intelsat (U.S.),18°W,-0.813,-0.180,TRUE
9/9/2015,-17.97083333,Intelsat 901,Intelsat (U.S.),18°W,-0.813,-0.180,TRUE
9/10/2015,-17.97083333,Intelsat 901,Intelsat (U.S.),18°W,-0.813,-0.180,TRUE
9/11/2015,-17.97083333,Intelsat 901,Intelsat (U.S.),18°W,-0.813,-0.180,TRUE
9/12/2015,-17.97083333,Intelsat 901,Intelsat (U.S.),18°W,-0.813,-0.180,TRUE
9/13/2015,-17.97083333,Intelsat 901,Intelsat (U.S.),18°W,-0.813,-0.180,TRUE
9/14/2015,-17.97083333,Intelsat 901,Intelsat (U.S.),18°W,-0.813,-0.180,TRUE
9/15/2015,-17.97083333,Intelsat 901,Intelsat (U.S.),18°W,-0.813,-0.180,TRUE
9/16/2015,-17.97083333,Intelsat 901,Intelsat (U.S.),18°W,-0.813,-0.180,TRUE
9/17/2015,-17.97083333,Intelsat 901,Intelsat (U.S.),18°W,-0.813,-0.180,TRUE
9/18/2015,-17.97083333,Intelsat 901,Intelsat (U.S.),18°W,-0.813,-0.180,TRUE
9/19/2015,-17.97083333,Intelsat 901,Intelsat (U.S.),18°W,-0.813,-0.180,TRUE
9/20/2015,-17.97083333,Intelsat 901,Intelsat (U.S.),18°W,-0.813,-0.180,TRUE
9/21/2015,-17.97083333,Intelsat 901,Intelsat (U.S.),18°W,-0.813,-0.180,TRUE
9/22/2015,-17.97083333,Intelsat 901,Intelsat (U.S.),18°W,-0.813,-0.180,TRUE
9/23/2015,-17.97083333,Intelsat 901,Intelsat (U.S.),18°W,-0.813,-0.180,TRUE
9/24/2015,-17.97083333,Intelsat 901,Intelsat (U.S.),18°W,-0.813,-0.180,TRUE
10/3/2015,-23.4891453,Intelsat 905,Intelsat (U.S.),23.5°W,-0.866,-0.155,TRUE
10/4/2015,-23.4891453,Intelsat 905,Intelsat (U.S.),23.5°W,-0.866,-0.155,TRUE
10/5/2015,-23.4891453,Intelsat 905,Intelsat (U.S.),23.5°W,-0.866,-0.155,TRUE
10/6/2015,-23.4891453,Intelsat 905,Intelsat (U.S.),23.5°W,-0.866,-0.155,TRUE
10/7/2015,-23.4891453,Intelsat 905,Intelsat (U.S.),23.5°W,-0.866,-0.155,TRUE
10/8/2015,-23.4891453,Intelsat 905,Intelsat (U.S.),23.5°W,-0.866,-0.155,TRUE
10/9/2015,-23.4891453,Intelsat 905,Intelsat (U.S.),23.5°W,-0.866,-0.155,TRUE
10/10/2015,-23.4891453,Intelsat 905,Intelsat (U.S.),23.5°W,-0.866,-0.155,TRUE
10/11/2015,-23.4891453,Intelsat 905,Intelsat (U.S.),23.5°W,-0.866,-0.155,TRUE
10/12/2015,-23.4891453,Intelsat 905,Intelsat (U.S.),23.5°W,-0.866,-0.155,TRUE
10/13/2015,-23.4891453,Intelsat 905,Intelsat (U.S.),23.5°W,-0.866,-0.155,TRUE
10/14/2015,-23.4891453,Intelsat 905,Intelsat (U.S.),23.5°W,-0.866,-0.155,TRUE
10/15/2015,-23.4891453,Intelsat 905,Intelsat (U.S.),23.5°W,-0.866,-0.155,TRUE
10/16/2015,-23.4891453,Intelsat 905,Intelsat (U.S.),23.5°W,-0.866,-0.155,TRUE
10/17/2015,-23.4891453,Intelsat 905,Intelsat (U.S.),23.5°W,-0.866,-0.155,TRUE
10/18/2015,-23.4891453,Intelsat 905,Intelsat (U.S.),23.5°W,-0.866,-0.155,TRUE
10/19/2015,-23.4891453,Intelsat 905,Intelsat (U.S.),23.5°W,-0.866,-0.155,TRUE
10/20/2015,-23.4891453,Intelsat 905,Intelsat (U.S.),23.5°W,-0.866,-0.155,TRUE
10/21/2015,-23.4891453,Intelsat 905,Intelsat (U.S.),23.5°W,-0.866,-0.155,TRUE
10/22/2015,-23.4891453,Intelsat 905,Intelsat (U.S.),23.5°W,-0.866,-0.155,TRUE
10/23/2015,-23.4891453,Intelsat 905,Intelsat (U.S.),23.5°W,-0.866,-0.155,TRUE
10/24/2015,-23.4891453,Intelsat 905,Intelsat (U.S.),23.5°W,-0.866,-0.155,TRUE
10/25/2015,-23.4891453,Intelsat 905,Intelsat (U.S.),23.5°W,-0.866,-0.155,TRUE
10/26/2015,-23.4891453,Intelsat 905,Intelsat (U.S.),23.5°W,-0.866,-0.155,TRUE
10/27/2015,-23.4891453,Intelsat 905,Intelsat (U.S.),23.5°W,-0.866,-0.155,TRUE
10/28/2015,-23.4891453,Intelsat 905,Intelsat (U.S.),23.5°W,-0.866,-0.155,TRUE
10/29/2015,-23.4891453,Intelsat 905,Intelsat (U.S.),23.5°W,-0.866,-0.155,TRUE
10/30/2015,-23.4891453,Intelsat 905,Intelsat (U.S.),23.5°W,-0.866,-0.155,TRUE
10/31/2015,-23.4891453,Intelsat 905,Intelsat (U.S.),23.5°W,-0.866,-0.155,TRUE
11/1/2015,-23.4891453,Intelsat 905,Intelsat (U.S.),23.5°W,-0.866,-0.155,TRUE
11/2/2015,-23.4891453,Intelsat 905,Intelsat (U.S.),23.5°W,-0.866,-0.155,TRUE
11/3/2015,-23.4891453,Intelsat 905,Intelsat (U.S.),23.5°W,-0.866,-0.155,TRUE
11/4/2015,-23.4891453,Intelsat 905,Intelsat (U.S.),23.5°W,-0.866,-0.155,TRUE
11/5/2015,-23.4891453,Intelsat 905,Intelsat (U.S.),23.5°W,-0.866,-0.155,TRUE
11/6/2015,-23.4891453,Intelsat 905,Intelsat (U.S.),23.5°W,-0.866,-0.155,TRUE
11/7/2015,-23.4891453,Intelsat 905,Intelsat (U.S.),23.5°W,-0.866,-0.155,TRUE
11/8/2015,-23.4891453,Intelsat 905,Intelsat (U.S.),23.5°W,-0.866,-0.155,TRUE
11/9/2015,-23.4891453,Intelsat 905,Intelsat (U.S.),23.5°W,-0.866,-0.155,TRUE
11/10/2015,-23.4891453,Intelsat 905,Intelsat (U.S.),23.5°W,-0.866,-0.155,TRUE
11/11/2015,-23.4891453,Intelsat 905,Intelsat (U.S.),23.5°W,-0.866,-0.155,TRUE
11/12/2015,-23.4891453,Intelsat 905,Intelsat (U.S.),23.5°W,-0.866,-0.155,TRUE
11/13/2015,-23.4891453,Intelsat 905,Intelsat (U.S.),23.5°W,-0.866,-0.155,TRUE
11/14/2015,-23.4891453,Intelsat 905,Intelsat (U.S.),23.5°W,-0.866,-0.155,TRUE
11/15/2015,-23.4891453,Intelsat 905,Intelsat (U.S.),23.5°W,-0.866,-0.155,TRUE
11/16/2015,-23.4891453,Intelsat 905,Intelsat (U.S.),23.5°W,-0.866,-0.155,TRUE
11/17/2015,-23.4891453,Intelsat 905,Intelsat (U.S.),23.5°W,-0.866,-0.155,TRUE
11/18/2015,-23.4891453,Intelsat 905,Intelsat (U.S.),23.5°W,-0.866,-0.155,TRUE
11/19/2015,-23.4891453,Intelsat 905,Intelsat (U.S.),23.5°W,-0.866,-0.155,TRUE
11/20/2015,-23.4891453,Intelsat 905,Intelsat (U.S.),23.5°W,-0.866,-0.155,TRUE
11/21/2015,-23.4891453,Intelsat 905,Intelsat (U.S.),23.5°W,-0.866,-0.155,TRUE
11/22/2015,-23.4891453,Intelsat 905,Intelsat (U.S.),23.5°W,-0.866,-0.155,TRUE
11/23/2015,-23.4891453,Intelsat 905,Intelsat (U.S.),23.5°W,-0.866,-0.155,TRUE
11/24/2015,-23.4891453,Intelsat 905,Intelsat (U.S.),23.5°W,-0.866,-0.155,TRUE
11/25/2015,-23.4891453,Intelsat 905,Intelsat (U.S.),23.5°W,-0.866,-0.155,TRUE
11/26/2015,-23.4891453,Intelsat 905,Intelsat (U.S.),23.5°W,-0.866,-0.155,TRUE
11/27/2015,-23.4891453,Intelsat 905,Intelsat (U.S.),23.5°W,-0.866,-0.155,TRUE
11/28/2015,-23.4891453,Intelsat 905,Intelsat (U.S.),23.5°W,-0.866,-0.155,TRUE
11/29/2015,-23.4891453,Intelsat 905,Intelsat (U.S.),23.5°W,-0.866,-0.155,TRUE
11/30/2015,-23.4891453,Intelsat 905,Intelsat (U.S.),23.5°W,-0.866,-0.155,TRUE
12/1/2015,-23.4891453,Intelsat 905,Intelsat (U.S.),23.5°W,-0.866,-0.155,TRUE
12/2/2015,-23.4891453,Intelsat 905,Intelsat (U.S.),23.5°W,-0.866,-0.155,TRUE
12/3/2015,-23.4891453,Intelsat 905,Intelsat (U.S.),23.5°W,-0.866,-0.155,TRUE
12/4/2015,-23.4891453,Intelsat 905,Intelsat (U.S.),23.5°W,-0.866,-0.155,TRUE
12/5/2015,-23.4891453,Intelsat 905,Intelsat (U.S.),23.5°W,-0.866,-0.155,TRUE
12/6/2015,-23.4891453,Intelsat 905,Intelsat (U.S.),23.5°W,-0.866,-0.155,TRUE
12/7/2015,-23.4891453,Intelsat 905,Intelsat (U.S.),23.5°W,-0.866,-0.155,TRUE
12/8/2015,-23.4891453,Intelsat 905,Intelsat (U.S.),23.5°W,-0.866,-0.155,TRUE
12/9/2015,-23.4891453,Intelsat 905,Intelsat (U.S.),23.5°W,-0.866,-0.155,TRUE
12/10/2015,-23.4891453,Intelsat 905,Intelsat (U.S.),23.5°W,-0.866,-0.155,TRUE
12/11/2015,-23.4891453,Intelsat 905,Intelsat (U.S.),23.5°W,-0.866,-0.155,TRUE
12/12/2015,-23.4891453,Intelsat 905,Intelsat (U.S.),23.5°W,-0.866,-0.155,TRUE
12/13/2015,-23.4891453,Intelsat 905,Intelsat (U.S.),23.5°W,-0.866,-0.155,TRUE
12/14/2015,-23.4891453,Intelsat 905,Intelsat (U.S.),23.5°W,-0.866,-0.155,TRUE
12/15/2015,-23.4891453,Intelsat 905,Intelsat (U.S.),23.5°W,-0.866,-0.155,TRUE
12/16/2015,-23.4891453,Intelsat 905,Intelsat (U.S.),23.5°W,-0.866,-0.155,TRUE
12/17/2015,-23.4891453,Intelsat 905,Intelsat (U.S.),23.5°W,-0.866,-0.155,TRUE
12/18/2015,-23.4891453,Intelsat 905,Intelsat (U.S.),23.5°W,-0.866,-0.155,TRUE
12/19/2015,-23.4891453,Intelsat 905,Intelsat (U.S.),23.5°W,-0.866,-0.155,TRUE
10/18/2017,37.80792584,Athena-Fidus,France / Italy,37.8°E,0.024,-0.309,TRUE
10/19/2017,37.80792584,Athena-Fidus,France / Italy,37.8°E,0.024,-0.309,TRUE
10/20/2017,37.80792584,Athena-Fidus,France / Italy,37.8°E,0.024,-0.309,TRUE
10/21/2017,37.80792584,Athena-Fidus,France / Italy,37.8°E,0.024,-0.309,TRUE
10/22/2017,37.80792584,Athena-Fidus,France / Italy,37.8°E,0.024,-0.309,TRUE
10/23/2017,37.80792584,Athena-Fidus,France / Italy,37.8°E,0.024,-0.309,TRUE
10/24/2017,37.80792584,Athena-Fidus,France / Italy,37.8°E,0.024,-0.309,TRUE
10/25/2017,37.80792584,Athena-Fidus,France / Italy,37.8°E,0.024,-0.309,TRUE
10/26/2017,37.80792584,Athena-Fidus,France / Italy,37.8°E,0.024,-0.309,TRUE
10/27/2017,37.80792584,Athena-Fidus,France / Italy,37.8°E,0.024,-0.309,TRUE
10/28/2017,37.80792584,Athena-Fidus,France / Italy,37.8°E,0.024,-0.309,TRUE
10/29/2017,37.80792584,Athena-Fidus,France / Italy,37.8°E,0.024,-0.309,TRUE
10/30/2017,37.80792584,Athena-Fidus,France / Italy,37.8°E,0.024,-0.309,TRUE
10/31/2017,37.80792584,Athena-Fidus,France / Italy,37.8°E,0.024,-0.309,TRUE
11/1/2017,37.80792584,Athena-Fidus,France / Italy,37.8°E,0.024,-0.309,TRUE
11/2/2017,37.80792584,Athena-Fidus,France / Italy,37.8°E,0.024,-0.309,TRUE
11/3/2017,37.80792584,Athena-Fidus,France / Italy,37.8°E,0.024,-0.309,TRUE
11/4/2017,37.80792584,Athena-Fidus,France / Italy,37.8°E,0.024,-0.309,TRUE
11/5/2017,37.80792584,Athena-Fidus,France / Italy,37.8°E,0.024,-0.309,TRUE
11/6/2017,37.80792584,Athena-Fidus,France / Italy,37.8°E,0.024,-0.309,TRUE
11/7/2017,37.80792584,Athena-Fidus,France / Italy,37.8°E,0.024,-0.309,TRUE
11/8/2017,37.80792584,Athena-Fidus,France / Italy,37.8°E,0.024,-0.309,TRUE
11/9/2017,37.80792584,Athena-Fidus,France / Italy,37.8°E,0.024,-0.309,TRUE
11/10/2017,37.80792584,Athena-Fidus,France / Italy,37.8°E,0.024,-0.309,TRUE
11/11/2017,37.80792584,Athena-Fidus,France / Italy,37.8°E,0.024,-0.309,TRUE
11/12/2017,37.80792584,Athena-Fidus,France / Italy,37.8°E,0.024,-0.309,TRUE
11/13/2017,37.80792584,Athena-Fidus,France / Italy,37.8°E,0.024,-0.309,TRUE
11/14/2017,37.80792584,Athena-Fidus,France / Italy,37.8°E,0.024,-0.309,TRUE
11/15/2017,37.80792584,Athena-Fidus,France / Italy,37.8°E,0.024,-0.309,TRUE
11/16/2017,37.80792584,Athena-Fidus,France / Italy,37.8°E,0.024,-0.309,TRUE
11/17/2017,37.80792584,Athena-Fidus,France / Italy,37.8°E,0.024,-0.309,TRUE
11/18/2017,37.80792584,Athena-Fidus,France / Italy,37.8°E,0.024,-0.309,TRUE
11/19/2017,37.80792584,Athena-Fidus,France / Italy,37.8°E,0.024,-0.309,TRUE
11/20/2017,37.80792584,Athena-Fidus,France / Italy,37.8°E,0.024,-0.309,TRUE
11/21/2017,37.80792584,Athena-Fidus,France / Italy,37.8°E,0.024,-0.309,TRUE
11/22/2017,37.80792584,Athena-Fidus,France / Italy,37.8°E,0.024,-0.309,TRUE
11/23/2017,37.80792584,Athena-Fidus,France / Italy,37.8°E,0.024,-0.309,TRUE
11/24/2017,37.80792584,Athena-Fidus,France / Italy,37.8°E,0.024,-0.309,TRUE
11/25/2017,37.80792584,Athena-Fidus,France / Italy,37.8°E,0.024,-0.309,TRUE
11/26/2017,37.80792584,Athena-Fidus,France / Italy,37.8°E,0.024,-0.309,TRUE
11/27/2017,37.80792584,Athena-Fidus,France / Italy,37.8°E,0.024,-0.309,TRUE
11/28/2017,37.80792584,Athena-Fidus,France / Italy,37.8°E,0.024,-0.309,TRUE
11/29/2017,37.80792584,Athena-Fidus,France / Italy,37.8°E,0.024,-0.309,TRUE
11/30/2017,37.80792584,Athena-Fidus,France / Italy,37.8°E,0.024,-0.309,TRUE
12/1/2017,37.80792584,Athena-Fidus,France / Italy,37.8°E,0.024,-0.309,TRUE
12/2/2017,37.80792584,Athena-Fidus,France / Italy,37.8°E,0.024,-0.309,TRUE
12/3/2017,37.80792584,Athena-Fidus,France / Italy,37.8°E,0.024,-0.309,TRUE
12/4/2017,37.80792584,Athena-Fidus,France / Italy,37.8°E,0.024,-0.309,TRUE
12/5/2017,37.80792584,Athena-Fidus,France / Italy,37.8°E,0.024,-0.309,TRUE
12/6/2017,37.80792584,Athena-Fidus,France / Italy,37.8°E,0.024,-0.309,TRUE
12/7/2017,37.80792584,Athena-Fidus,France / Italy,37.8°E,0.024,-0.309,TRUE
12/8/2017,37.80792584,Athena-Fidus,France / Italy,37.8°E,0.024,-0.309,TRUE
12/9/2017,37.80792584,Athena-Fidus,France / Italy,37.8°E,0.024,-0.309,TRUE
12/10/2017,37.80792584,Athena-Fidus,France / Italy,37.8°E,0.024,-0.309,TRUE
12/11/2017,37.80792584,Athena-Fidus,France / Italy,37.8°E,0.024,-0.309,TRUE
12/12/2017,37.80792584,Athena-Fidus,France / Italy,37.8°E,0.024,-0.309,TRUE
12/13/2017,37.80792584,Athena-Fidus,France / Italy,37.8°E,0.024,-0.309,TRUE
12/14/2017,37.80792584,Athena-Fidus,France / Italy,37.8°E,0.024,-0.309,TRUE
12/15/2017,37.80792584,Athena-Fidus,France / Italy,37.8°E,0.024,-0.309,TRUE
12/16/2017,37.80792584,Athena-Fidus,France / Italy,37.8°E,0.024,-0.309,TRUE
12/17/2017,37.80792584,Athena-Fidus,France / Italy,37.8°E,0.024,-0.309,TRUE
12/18/2017,37.80792584,Athena-Fidus,France / Italy,37.8°E,0.024,-0.309,TRUE
12/19/2017,37.80792584,Athena-Fidus,France / Italy,37.8°E,0.024,-0.309,TRUE
12/20/2017,37.80792584,Athena-Fidus,France / Italy,37.8°E,0.024,-0.309,TRUE
12/21/2017,37.80792584,Athena-Fidus,France / Italy,37.8°E,0.024,-0.309,TRUE
12/22/2017,37.80792584,Athena-Fidus,France / Italy,37.8°E,0.024,-0.309,TRUE
12/23/2017,37.80792584,Athena-Fidus,France / Italy,37.8°E,0.024,-0.309,TRUE
12/24/2017,37.80792584,Athena-Fidus,France / Italy,37.8°E,0.024,-0.309,TRUE
12/25/2017,37.80792584,Athena-Fidus,France / Italy,37.8°E,0.024,-0.309,TRUE
12/26/2017,37.80792584,Athena-Fidus,France / Italy,37.8°E,0.024,-0.309,TRUE
12/27/2017,37.80792584,Athena-Fidus,France / Italy,37.8°E,0.024,-0.309,TRUE
12/28/2017,37.80792584,Athena-Fidus,France / Italy,37.8°E,0.024,-0.309,TRUE
12/29/2017,37.80792584,Athena-Fidus,France / Italy,37.8°E,0.024,-0.309,TRUE
12/30/2017,37.80792584,Athena-Fidus,France / Italy,37.8°E,0.024,-0.309,TRUE
12/31/2017,37.80792584,Athena-Fidus,France / Italy,37.8°E,0.024,-0.309,TRUE
1/1/2018,37.80792584,Athena-Fidus,France / Italy,37.8°E,0.024,-0.309,TRUE
1/2/2018,37.80792584,Athena-Fidus,France / Italy,37.8°E,0.024,-0.309,TRUE
1/3/2018,37.80792584,Athena-Fidus,France / Italy,37.8°E,0.024,-0.309,TRUE
1/4/2018,37.80792584,Athena-Fidus,France / Italy,37.8°E,0.024,-0.309,TRUE
1/5/2018,37.80792584,Athena-Fidus,France / Italy,37.8°E,0.024,-0.309,TRUE
1/6/2018,37.80792584,Athena-Fidus,France / Italy,37.8°E,0.024,-0.309,TRUE
1/7/2018,37.80792584,Athena-Fidus,France / Italy,37.8°E,0.024,-0.309,TRUE
1/8/2018,37.80792584,Athena-Fidus,France / Italy,37.8°E,0.024,-0.309,TRUE
1/9/2018,37.80792584,Athena-Fidus,France / Italy,37.8°E,0.024,-0.309,TRUE
1/10/2018,37.80792584,Athena-Fidus,France / Italy,37.8°E,0.024,-0.309,TRUE
1/11/2018,37.80792584,Athena-Fidus,France / Italy,37.8°E,0.024,-0.309,TRUE